"ID","X","Y","STATEFP","COUNTYFP","BUILDYEAR","LIFESPAN","RISKCAT","METHOD","XD"
"01001",-86.64644,32.532237,"01","001",2020,30,1,"AEP",45
"01003",-87.746067,30.659218,"01","003",2020,30,1,"AEP",61
"01005",-85.405104,31.870253,"01","005",2020,30,1,"AEP",45
"01007",-87.127148,33.015893,"01","007",2020,30,1,"AEP",43
"01009",-86.56644,33.977358,"01","009",2020,30,1,"AEP",43
"01011",-85.717261,32.101759,"01","011",2020,30,1,"AEP",45
"01013",-86.681969,31.751667,"01","013",2020,30,1,"AEP",47
"01015",-85.827909,33.770516,"01","015",2020,30,1,"AEP",42
"01017",-85.394032,32.915504,"01","017",2020,30,1,"AEP",43
"01019",-85.654242,34.069515,"01","019",2020,30,1,"AEP",43
"01021",-86.726607,32.854051,"01","021",2020,30,1,"AEP",44
"01023",-88.248889,31.990954,"01","023",2020,30,1,"AEP",48
"01025",-87.818624,31.685521,"01","025",2020,30,1,"AEP",47
"01027",-85.863525,33.2704,"01","027",2020,30,1,"AEP",43
"01029",-85.516126,33.671964,"01","029",2020,30,1,"AEP",42
"01031",-85.989602,31.402258,"01","031",2020,30,1,"AEP",50
"01033",-87.801457,34.703112,"01","033",2020,30,1,"AEP",43
"01035",-86.988722,31.430926,"01","035",2020,30,1,"AEP",48
"01037",-86.243482,32.931445,"01","037",2020,30,1,"AEP",44
"01039",-86.448721,31.243987,"01","039",2020,30,1,"AEP",50
"01041",-86.320038,31.730311,"01","041",2020,30,1,"AEP",48
"01043",-86.869267,34.131923,"01","043",2020,30,1,"AEP",43
"01045",-85.609476,31.430654,"01","045",2020,30,1,"AEP",47
"01047",-87.11436,32.333526,"01","047",2020,30,1,"AEP",44
"01049",-85.804021,34.460915,"01","049",2020,30,1,"AEP",43
"01051",-86.142735,32.597229,"01","051",2020,30,1,"AEP",43
"01053",-87.16841,31.122287,"01","053",2020,30,1,"AEP",55
"01055",-86.034263,34.047641,"01","055",2020,30,1,"AEP",43
"01057",-87.764292,33.716157,"01","057",2020,30,1,"AEP",43
"01059",-87.842814,34.441989,"01","059",2020,30,1,"AEP",43
"01061",-85.821022,31.092382,"01","061",2020,30,1,"AEP",54
"01063",-87.9642,32.844497,"01","063",2020,30,1,"AEP",47
"01065",-87.623061,32.752796,"01","065",2020,30,1,"AEP",45
"01067",-85.239971,31.516978,"01","067",2020,30,1,"AEP",47
"01069",-85.296411,31.158183,"01","069",2020,30,1,"AEP",52
"01073",-86.896536,33.553444,"01","073",2020,30,1,"AEP",43
"01075",-88.087431,33.787085,"01","075",2020,30,1,"AEP",43
"01079",-87.321865,34.529776,"01","079",2020,30,1,"AEP",43
"01081",-85.353048,32.604064,"01","081",2020,30,1,"AEP",44
"01085",-86.650586,32.147888,"01","085",2020,30,1,"AEP",43
"01087",-85.692887,32.387027,"01","087",2020,30,1,"AEP",45
"01091",-87.791091,32.247591,"01","091",2020,30,1,"AEP",45
"01093",-87.881551,34.138219,"01","093",2020,30,1,"AEP",43
"01095",-86.321668,34.309564,"01","095",2020,30,1,"AEP",43
"01097",-88.196568,30.684572,"01","097",2020,30,1,"AEP",54
"01099",-87.383266,31.580332,"01","099",2020,30,1,"AEP",50
"01101",-86.204461,32.202881,"01","101",2020,30,1,"AEP",45
"01103",-86.846402,34.454484,"01","103",2020,30,1,"AEP",43
"01105",-87.293827,32.639005,"01","105",2020,30,1,"AEP",44
"01107",-88.096864,33.2968,"01","107",2020,30,1,"AEP",43
"01109",-85.941608,31.798653,"01","109",2020,30,1,"AEP",45
"01111",-85.464064,33.296461,"01","111",2020,30,1,"AEP",42
"01113",-85.18698,32.289811,"01","113",2020,30,1,"AEP",44
"01115",-86.311327,33.719491,"01","115",2020,30,1,"AEP",44
"01117",-86.678089,33.263043,"01","117",2020,30,1,"AEP",44
"01119",-88.200057,32.597481,"01","119",2020,30,1,"AEP",44
"01121",-86.17593,33.369314,"01","121",2020,30,1,"AEP",43
"01123",-85.799618,32.863308,"01","123",2020,30,1,"AEP",43
"01125",-87.522783,33.29022,"01","125",2020,30,1,"AEP",43
"01127",-87.301094,33.791558,"01","127",2020,30,1,"AEP",43
"01129",-88.212404,31.408503,"01","129",2020,30,1,"AEP",48
"01131",-87.304935,31.990082,"01","131",2020,30,1,"AEP",46
"01133",-87.365346,34.154566,"01","133",2020,30,1,"AEP",43
"05003",-91.772267,33.190835,"05","003",2020,30,1,"AEP",43
"05011",-92.169156,33.466549,"05","011",2020,30,1,"AEP",43
"05013",-92.513879,33.56046,"05","013",2020,30,1,"AEP",43
"05017",-91.297158,33.267139,"05","017",2020,30,1,"AEP",43
"05027",-93.232843,33.223038,"05","027",2020,30,1,"AEP",43
"05041",-91.244103,33.828752,"05","041",2020,30,1,"AEP",43
"05043",-91.722778,33.587242,"05","043",2020,30,1,"AEP",43
"05057",-93.664355,33.735953,"05","057",2020,30,1,"AEP",43
"05073",-93.611514,33.240629,"05","073",2020,30,1,"AEP",42
"05079",-91.742355,33.956385,"05","079",2020,30,1,"AEP",43
"05081",-94.236287,33.701941,"05","081",2020,30,1,"AEP",43
"05091",-93.901502,33.305505,"05","091",2020,30,1,"AEP",42
"05099",-93.305072,33.666699,"05","099",2020,30,1,"AEP",43
"05103",-92.878413,33.591168,"05","103",2020,30,1,"AEP",43
"05139",-92.598145,33.168219,"05","139",2020,30,1,"AEP",43
"09001",-73.367061,41.227413,"09","001",2020,30,1,"AEP",45
"09007",-72.52278,41.433003,"09","007",2020,30,1,"AEP",45
"09009",-72.900203,41.349718,"09","009",2020,30,1,"AEP",45
"09011",-72.108634,41.472652,"09","011",2020,30,1,"AEP",46
"09013",-72.340978,41.858081,"09","013",2020,30,1,"AEP",44
"09015",-71.990702,41.824999,"09","015",2020,30,1,"AEP",44
"10001",-75.502982,39.097088,"10","001",2020,30,1,"AEP",46
"10003",-75.644132,39.575915,"10","003",2020,30,1,"AEP",45
"10005",-75.337024,38.673227,"10","005",2020,30,1,"AEP",47
"11001",-77.016517,38.904247,"11","001",2020,30,1,"AEP",45
"12001",-82.357221,29.67574,"12","001",2020,30,1,"AEP",52
"12003",-82.302284,30.324442,"12","003",2020,30,1,"AEP",51
"12005",-85.534395,30.15914,"12","005",2020,30,1,"AEP",58
"12007",-82.166698,29.952386,"12","007",2020,30,1,"AEP",54
"12009",-80.700333,28.298311,"12","009",2020,30,1,"AEP",63
"12011",-80.476683,26.193535,"12","011",2020,30,1,"AEP",65
"12013",-85.197915,30.388801,"12","013",2020,30,1,"AEP",60
"12015",-82.003657,26.906396,"12","015",2020,30,1,"AEP",65
"12017",-82.595552,28.850292,"12","017",2020,30,1,"AEP",58
"12019",-81.865036,29.986584,"12","019",2020,30,1,"AEP",55
"12021",-81.400955,26.118786,"12","021",2020,30,1,"AEP",67
"12023",-82.623371,30.221651,"12","023",2020,30,1,"AEP",52
"12027",-81.806253,27.190581,"12","027",2020,30,1,"AEP",62
"12029",-83.236232,29.552675,"12","029",2020,30,1,"AEP",57
"12031",-81.648113,30.335245,"12","031",2020,30,1,"AEP",56
"12033",-87.320322,30.529998,"12","033",2020,30,1,"AEP",56
"12035",-81.286253,29.474891,"12","035",2020,30,1,"AEP",57
"12037",-84.815213,29.677794,"12","037",2020,30,1,"AEP",61
"12039",-84.612607,30.578687,"12","039",2020,30,1,"AEP",54
"12041",-82.795801,29.723456,"12","041",2020,30,1,"AEP",58
"12043",-81.19082,26.95481,"12","043",2020,30,1,"AEP",58
"12045",-85.272013,29.859238,"12","045",2020,30,1,"AEP",62
"12047",-82.951071,30.491187,"12","047",2020,30,1,"AEP",51
"12049",-81.82158,27.492846,"12","049",2020,30,1,"AEP",54
"12051",-81.152114,26.539967,"12","051",2020,30,1,"AEP",57
"12053",-82.525969,28.555995,"12","053",2020,30,1,"AEP",59
"12055",-81.342353,27.34108,"12","055",2020,30,1,"AEP",54
"12057",-82.379991,27.893154,"12","057",2020,30,1,"AEP",61
"12059",-85.815939,30.862007,"12","059",2020,30,1,"AEP",50
"12061",-80.574789,27.700528,"12","061",2020,30,1,"AEP",62
"12063",-85.208814,30.789249,"12","063",2020,30,1,"AEP",51
"12065",-83.921761,30.396898,"12","065",2020,30,1,"AEP",57
"12067",-83.17851,29.990066,"12","067",2020,30,1,"AEP",54
"12069",-81.712282,28.764113,"12","069",2020,30,1,"AEP",50
"12071",-81.984182,26.563273,"12","071",2020,30,1,"AEP",61
"12073",-84.2778,30.45931,"12","073",2020,30,1,"AEP",55
"12075",-82.831233,29.271854,"12","075",2020,30,1,"AEP",55
"12077",-84.86858,30.259849,"12","077",2020,30,1,"AEP",58
"12079",-83.470416,30.447233,"12","079",2020,30,1,"AEP",50
"12081",-82.393144,27.475556,"12","081",2020,30,1,"AEP",65
"12083",-82.0431,29.202805,"12","083",2020,30,1,"AEP",50
"12085",-80.398201,27.083604,"12","085",2020,30,1,"AEP",63
"12086",-80.50375,25.616009,"12","086",2020,30,1,"AEP",71
"12087",-81.022603,25.58612,"12","087",2020,30,1,"AEP",73
"12089",-81.765087,30.605963,"12","089",2020,30,1,"AEP",57
"12091",-86.59108,30.614325,"12","091",2020,30,1,"AEP",55
"12093",-80.887388,27.385592,"12","093",2020,30,1,"AEP",59
"12095",-81.323284,28.514391,"12","095",2020,30,1,"AEP",59
"12097",-81.139312,28.059027,"12","097",2020,30,1,"AEP",59
"12099",-80.448354,26.649126,"12","099",2020,30,1,"AEP",60
"12101",-82.511006,28.309823,"12","101",2020,30,1,"AEP",55
"12103",-82.798066,27.905342,"12","103",2020,30,1,"AEP",61
"12105",-81.693534,27.953649,"12","105",2020,30,1,"AEP",54
"12107",-81.732039,29.593896,"12","107",2020,30,1,"AEP",53
"12109",-81.40004,29.890487,"12","109",2020,30,1,"AEP",57
"12111",-80.443536,27.379814,"12","111",2020,30,1,"AEP",65
"12113",-87.018919,30.675348,"12","113",2020,30,1,"AEP",54
"12115",-82.423714,27.225327,"12","115",2020,30,1,"AEP",67
"12117",-81.131975,28.690065,"12","117",2020,30,1,"AEP",60
"12119",-82.069952,28.715444,"12","119",2020,30,1,"AEP",51
"12121",-82.992754,30.189244,"12","121",2020,30,1,"AEP",53
"12123",-83.639573,29.967146,"12","123",2020,30,1,"AEP",59
"12125",-82.366918,30.05428,"12","125",2020,30,1,"AEP",53
"12127",-81.161792,29.057769,"12","127",2020,30,1,"AEP",56
"12129",-84.359111,30.091335,"12","129",2020,30,1,"AEP",57
"12131",-86.162798,30.571247,"12","131",2020,30,1,"AEP",56
"12133",-85.655805,30.602102,"12","133",2020,30,1,"AEP",56
"13001",-82.290103,31.739712,"13","001",2020,30,1,"AEP",48
"13003",-82.878151,31.296806,"13","003",2020,30,1,"AEP",50
"13005",-82.451433,31.55021,"13","005",2020,30,1,"AEP",48
"13007",-84.454881,31.31958,"13","007",2020,30,1,"AEP",47
"13009",-83.255457,33.05949,"13","009",2020,30,1,"AEP",43
"13011",-83.498441,34.351922,"13","011",2020,30,1,"AEP",43
"13013",-83.712303,33.992009,"13","013",2020,30,1,"AEP",42
"13015",-84.838188,34.240917,"13","015",2020,30,1,"AEP",43
"13017",-83.147197,31.740772,"13","017",2020,30,1,"AEP",47
"13019",-83.22787,31.288652,"13","019",2020,30,1,"AEP",49
"13021",-83.694194,32.808845,"13","021",2020,30,1,"AEP",43
"13023",-83.331717,32.435403,"13","023",2020,30,1,"AEP",46
"13025",-81.982978,31.197334,"13","025",2020,30,1,"AEP",51
"13027",-83.581905,30.822934,"13","027",2020,30,1,"AEP",54
"13029",-81.438543,32.017969,"13","029",2020,30,1,"AEP",52
"13031",-81.741618,32.394481,"13","031",2020,30,1,"AEP",47
"13033",-82.000164,33.060181,"13","033",2020,30,1,"AEP",47
"13035",-83.958221,33.290355,"13","035",2020,30,1,"AEP",42
"13037",-84.62629,31.521279,"13","037",2020,30,1,"AEP",46
"13039",-81.642019,30.913358,"13","039",2020,30,1,"AEP",53
"13043",-82.071266,32.40395,"13","043",2020,30,1,"AEP",46
"13045",-85.080527,33.582237,"13","045",2020,30,1,"AEP",43
"13049",-82.139644,30.779904,"13","049",2020,30,1,"AEP",49
"13051",-81.085184,31.980404,"13","051",2020,30,1,"AEP",52
"13053",-84.788021,32.347445,"13","053",2020,30,1,"AEP",43
"13055",-85.345289,34.474178,"13","055",2020,30,1,"AEP",43
"13057",-84.475057,34.244317,"13","057",2020,30,1,"AEP",43
"13059",-83.367152,33.952185,"13","059",2020,30,1,"AEP",42
"13061",-84.992583,31.619831,"13","061",2020,30,1,"AEP",48
"13063",-84.355573,33.542686,"13","063",2020,30,1,"AEP",42
"13065",-82.702614,30.917653,"13","065",2020,30,1,"AEP",52
"13067",-84.574121,33.939929,"13","067",2020,30,1,"AEP",42
"13069",-82.84494,31.549245,"13","069",2020,30,1,"AEP",48
"13071",-83.769773,31.189707,"13","071",2020,30,1,"AEP",48
"13073",-82.249608,33.552075,"13","073",2020,30,1,"AEP",44
"13075",-83.429445,31.152516,"13","075",2020,30,1,"AEP",51
"13077",-84.762138,33.352897,"13","077",2020,30,1,"AEP",42
"13079",-83.979187,32.709428,"13","079",2020,30,1,"AEP",44
"13081",-83.75653,31.920268,"13","081",2020,30,1,"AEP",45
"13085",-84.173261,34.442608,"13","085",2020,30,1,"AEP",42
"13087",-84.58389,30.880643,"13","087",2020,30,1,"AEP",51
"13089",-84.226343,33.770661,"13","089",2020,30,1,"AEP",42
"13091",-83.167866,32.164369,"13","091",2020,30,1,"AEP",44
"13093",-83.807167,32.151995,"13","093",2020,30,1,"AEP",46
"13095",-84.20904,31.532588,"13","095",2020,30,1,"AEP",46
"13097",-84.767314,33.701242,"13","097",2020,30,1,"AEP",42
"13099",-84.906723,31.324191,"13","099",2020,30,1,"AEP",47
"13101",-82.897376,30.714008,"13","101",2020,30,1,"AEP",48
"13103",-81.343355,32.361688,"13","103",2020,30,1,"AEP",50
"13105",-82.841892,34.116415,"13","105",2020,30,1,"AEP",43
"13107",-82.299763,32.5911,"13","107",2020,30,1,"AEP",46
"13109",-81.890153,32.153083,"13","109",2020,30,1,"AEP",49
"13113",-84.493941,33.412717,"13","113",2020,30,1,"AEP",42
"13115",-85.213685,34.263692,"13","115",2020,30,1,"AEP",43
"13117",-84.127408,34.225143,"13","117",2020,30,1,"AEP",42
"13119",-83.227532,34.375266,"13","119",2020,30,1,"AEP",42
"13121",-84.468182,33.790034,"13","121",2020,30,1,"AEP",43
"13125",-82.606913,33.227491,"13","125",2020,30,1,"AEP",45
"13127",-81.49645,31.21271,"13","127",2020,30,1,"AEP",53
"13131",-84.24508,30.875908,"13","131",2020,30,1,"AEP",51
"13133",-83.166625,33.576704,"13","133",2020,30,1,"AEP",43
"13135",-84.025735,33.958756,"13","135",2020,30,1,"AEP",42
"13137",-83.525875,34.634392,"13","137",2020,30,1,"AEP",42
"13139",-83.8185,34.317569,"13","139",2020,30,1,"AEP",43
"13141",-83.000465,33.26922,"13","141",2020,30,1,"AEP",44
"13143",-85.220063,33.795165,"13","143",2020,30,1,"AEP",42
"13145",-84.912432,32.731549,"13","145",2020,30,1,"AEP",45
"13147",-82.96329,34.348733,"13","147",2020,30,1,"AEP",42
"13149",-85.137886,33.291347,"13","149",2020,30,1,"AEP",42
"13151",-84.154021,33.452947,"13","151",2020,30,1,"AEP",43
"13153",-83.662522,32.458287,"13","153",2020,30,1,"AEP",44
"13155",-83.277037,31.604306,"13","155",2020,30,1,"AEP",48
"13157",-83.562557,34.130905,"13","157",2020,30,1,"AEP",42
"13159",-83.689151,33.316981,"13","159",2020,30,1,"AEP",43
"13161",-82.636825,31.811615,"13","161",2020,30,1,"AEP",45
"13163",-82.420004,33.058176,"13","163",2020,30,1,"AEP",44
"13165",-81.971524,32.794563,"13","165",2020,30,1,"AEP",45
"13167",-82.66397,32.694584,"13","167",2020,30,1,"AEP",46
"13169",-83.562196,33.021664,"13","169",2020,30,1,"AEP",44
"13171",-84.146689,33.07444,"13","171",2020,30,1,"AEP",43
"13173",-83.063164,31.038197,"13","173",2020,30,1,"AEP",49
"13175",-82.926317,32.39322,"13","175",2020,30,1,"AEP",45
"13177",-84.146681,31.818419,"13","177",2020,30,1,"AEP",45
"13179",-81.457871,31.807458,"13","179",2020,30,1,"AEP",49
"13181",-82.448299,33.792151,"13","181",2020,30,1,"AEP",44
"13183",-81.74287,31.749563,"13","183",2020,30,1,"AEP",50
"13185",-83.268995,30.833145,"13","185",2020,30,1,"AEP",50
"13187",-83.998925,34.56814,"13","187",2020,30,1,"AEP",42
"13189",-82.479533,33.480613,"13","189",2020,30,1,"AEP",44
"13191",-81.372141,31.485629,"13","191",2020,30,1,"AEP",55
"13193",-84.051231,32.362686,"13","193",2020,30,1,"AEP",43
"13195",-83.203737,34.128526,"13","195",2020,30,1,"AEP",42
"13197",-84.528735,32.359312,"13","197",2020,30,1,"AEP",44
"13199",-84.667058,33.029267,"13","199",2020,30,1,"AEP",43
"13201",-84.730398,31.162931,"13","201",2020,30,1,"AEP",46
"13205",-84.192038,31.228997,"13","205",2020,30,1,"AEP",50
"13207",-83.922837,33.017404,"13","207",2020,30,1,"AEP",43
"13209",-82.533349,32.172108,"13","209",2020,30,1,"AEP",44
"13211",-83.499435,33.598696,"13","211",2020,30,1,"AEP",43
"13215",-84.874946,32.510197,"13","215",2020,30,1,"AEP",43
"13217",-83.85136,33.552751,"13","217",2020,30,1,"AEP",42
"13219",-83.437728,33.834125,"13","219",2020,30,1,"AEP",43
"13221",-83.074081,33.866806,"13","221",2020,30,1,"AEP",43
"13223",-84.867169,33.92103,"13","223",2020,30,1,"AEP",42
"13225",-83.831978,32.571324,"13","225",2020,30,1,"AEP",45
"13227",-84.490351,34.456746,"13","227",2020,30,1,"AEP",42
"13229",-82.21037,31.353998,"13","229",2020,30,1,"AEP",50
"13231",-84.389462,33.081149,"13","231",2020,30,1,"AEP",43
"13233",-85.188338,33.996015,"13","233",2020,30,1,"AEP",42
"13235",-83.481845,32.238803,"13","235",2020,30,1,"AEP",46
"13237",-83.37179,33.32106,"13","237",2020,30,1,"AEP",43
"13239",-85.004798,31.862938,"13","239",2020,30,1,"AEP",46
"13241",-83.40487,34.883934,"13","241",2020,30,1,"AEP",42
"13243",-84.752311,31.762651,"13","243",2020,30,1,"AEP",47
"13245",-82.074998,33.361486,"13","245",2020,30,1,"AEP",43
"13247",-84.02637,33.652081,"13","247",2020,30,1,"AEP",42
"13249",-84.322708,32.263444,"13","249",2020,30,1,"AEP",45
"13251",-81.617585,32.744751,"13","251",2020,30,1,"AEP",47
"13253",-84.867685,30.93396,"13","253",2020,30,1,"AEP",52
"13255",-84.284905,33.262348,"13","255",2020,30,1,"AEP",43
"13257",-83.290588,34.553582,"13","257",2020,30,1,"AEP",42
"13259",-84.834912,32.073225,"13","259",2020,30,1,"AEP",45
"13261",-84.204294,32.042266,"13","261",2020,30,1,"AEP",45
"13263",-84.530029,32.704603,"13","263",2020,30,1,"AEP",43
"13265",-82.875272,33.559319,"13","265",2020,30,1,"AEP",44
"13267",-82.059208,32.043768,"13","267",2020,30,1,"AEP",48
"13269",-84.251426,32.554667,"13","269",2020,30,1,"AEP",45
"13271",-82.931063,31.913641,"13","271",2020,30,1,"AEP",46
"13273",-84.439446,31.777191,"13","273",2020,30,1,"AEP",46
"13275",-83.919815,30.864619,"13","275",2020,30,1,"AEP",51
"13277",-83.525931,31.457003,"13","277",2020,30,1,"AEP",47
"13279",-82.330597,32.117753,"13","279",2020,30,1,"AEP",47
"13281",-83.732264,34.902529,"13","281",2020,30,1,"AEP",42
"13283",-82.570882,32.409586,"13","283",2020,30,1,"AEP",45
"13285",-85.02836,33.034482,"13","285",2020,30,1,"AEP",43
"13287",-83.620319,31.7248,"13","287",2020,30,1,"AEP",44
"13289",-83.425879,32.665847,"13","289",2020,30,1,"AEP",44
"13291",-83.989257,34.833333,"13","291",2020,30,1,"AEP",43
"13293",-84.292283,32.881837,"13","293",2020,30,1,"AEP",42
"13297",-83.731829,33.783887,"13","297",2020,30,1,"AEP",43
"13299",-82.421507,31.050881,"13","299",2020,30,1,"AEP",50
"13301",-82.688012,33.419169,"13","301",2020,30,1,"AEP",44
"13303",-82.798112,32.971843,"13","303",2020,30,1,"AEP",46
"13305",-81.912376,31.547845,"13","305",2020,30,1,"AEP",53
"13307",-84.553828,32.046691,"13","307",2020,30,1,"AEP",45
"13309",-82.733849,32.105258,"13","309",2020,30,1,"AEP",45
"13311",-83.743,34.644182,"13","311",2020,30,1,"AEP",42
"13315",-83.438259,31.96272,"13","315",2020,30,1,"AEP",45
"13317",-82.747921,33.779031,"13","317",2020,30,1,"AEP",43
"13319",-83.175512,32.804266,"13","319",2020,30,1,"AEP",43
"13321",-83.84996,31.551773,"13","321",2020,30,1,"AEP",48
"22001",-92.411037,30.291497,"22","001",2020,30,1,"AEP",57
"22003",-92.819605,30.652744,"22","003",2020,30,1,"AEP",53
"22005",-90.912502,30.206444,"22","005",2020,30,1,"AEP",54
"22007",-91.065219,29.9033,"22","007",2020,30,1,"AEP",61
"22009",-91.983275,31.088503,"22","009",2020,30,1,"AEP",50
"22011",-93.340253,30.645018,"22","011",2020,30,1,"AEP",51
"22013",-93.041151,32.340952,"22","013",2020,30,1,"AEP",44
"22015",-93.626561,32.698481,"22","015",2020,30,1,"AEP",43
"22017",-93.88497,32.580106,"22","017",2020,30,1,"AEP",44
"22019",-93.358015,30.229559,"22","019",2020,30,1,"AEP",56
"22021",-92.114231,32.101219,"22","021",2020,30,1,"AEP",47
"22023",-93.164948,29.871812,"22","023",2020,30,1,"AEP",59
"22025",-91.846703,31.666517,"22","025",2020,30,1,"AEP",47
"22027",-92.989728,32.82716,"22","027",2020,30,1,"AEP",44
"22029",-91.626315,31.469805,"22","029",2020,30,1,"AEP",45
"22031",-93.740797,32.059248,"22","031",2020,30,1,"AEP",45
"22033",-91.093131,30.54393,"22","033",2020,30,1,"AEP",56
"22035",-91.234141,32.73017,"22","035",2020,30,1,"AEP",43
"22037",-91.043434,30.839784,"22","037",2020,30,1,"AEP",53
"22039",-92.404086,30.720693,"22","039",2020,30,1,"AEP",56
"22041",-91.672371,32.139076,"22","041",2020,30,1,"AEP",45
"22043",-92.561716,31.597787,"22","043",2020,30,1,"AEP",48
"22045",-91.842706,29.606013,"22","045",2020,30,1,"AEP",59
"22047",-91.365872,30.270653,"22","047",2020,30,1,"AEP",55
"22049",-92.5617,32.30429,"22","049",2020,30,1,"AEP",45
"22051",-90.036231,29.5033,"22","051",2020,30,1,"AEP",67
"22053",-92.816221,30.269529,"22","053",2020,30,1,"AEP",61
"22055",-92.06417,30.206507,"22","055",2020,30,1,"AEP",62
"22057",-90.394849,29.491992,"22","057",2020,30,1,"AEP",68
"22059",-92.161596,31.680083,"22","059",2020,30,1,"AEP",48
"22061",-92.662303,32.601823,"22","061",2020,30,1,"AEP",44
"22063",-90.727474,30.440419,"22","063",2020,30,1,"AEP",58
"22065",-91.231932,32.346878,"22","065",2020,30,1,"AEP",45
"22067",-91.800399,32.820008,"22","067",2020,30,1,"AEP",43
"22069",-93.082546,31.732509,"22","069",2020,30,1,"AEP",46
"22071",-89.934502,30.05342,"22","071",2020,30,1,"AEP",64
"22073",-92.151581,32.480932,"22","073",2020,30,1,"AEP",45
"22075",-89.576068,29.282447,"22","075",2020,30,1,"AEP",69
"22077",-91.604621,30.708319,"22","077",2020,30,1,"AEP",58
"22079",-92.535953,31.193204,"22","079",2020,30,1,"AEP",50
"22081",-93.34905,32.101213,"22","081",2020,30,1,"AEP",45
"22083",-91.748353,32.413158,"22","083",2020,30,1,"AEP",45
"22085",-93.559579,31.560402,"22","085",2020,30,1,"AEP",47
"22087",-89.263494,29.91811,"22","087",2020,30,1,"AEP",63
"22089",-90.357855,29.905722,"22","089",2020,30,1,"AEP",66
"22091",-90.708307,30.822539,"22","091",2020,30,1,"AEP",52
"22093",-90.793956,30.024777,"22","093",2020,30,1,"AEP",60
"22095",-90.49096,30.144068,"22","095",2020,30,1,"AEP",59
"22097",-91.989274,30.583441,"22","097",2020,30,1,"AEP",54
"22099",-91.611481,30.121433,"22","099",2020,30,1,"AEP",55
"22101",-91.463804,29.629349,"22","101",2020,30,1,"AEP",61
"22103",-89.951962,30.410022,"22","103",2020,30,1,"AEP",59
"22105",-90.40649,30.621348,"22","105",2020,30,1,"AEP",57
"22107",-91.342576,32.001489,"22","107",2020,30,1,"AEP",46
"22109",-90.843674,29.33413,"22","109",2020,30,1,"AEP",61
"22111",-92.37565,32.829349,"22","111",2020,30,1,"AEP",43
"22113",-92.291568,29.789722,"22","113",2020,30,1,"AEP",65
"22115",-93.18833,31.102841,"22","115",2020,30,1,"AEP",51
"22117",-90.046253,30.852144,"22","117",2020,30,1,"AEP",54
"22119",-93.339825,32.732152,"22","119",2020,30,1,"AEP",43
"22121",-91.309808,30.464052,"22","121",2020,30,1,"AEP",57
"22123",-91.451998,32.79248,"22","123",2020,30,1,"AEP",43
"22125",-91.421776,30.873364,"22","125",2020,30,1,"AEP",52
"22127",-92.641269,31.941187,"22","127",2020,30,1,"AEP",45
"23013",-69.038514,44.042045,"23","013",2020,30,1,"AEP",44
"23015",-69.513624,43.994781,"23","015",2020,30,1,"AEP",43
"24003",-76.560894,38.991617,"24","003",2020,30,1,"AEP",46
"24005",-76.616569,39.443167,"24","005",2020,30,1,"AEP",46
"24009",-76.529762,38.522719,"24","009",2020,30,1,"AEP",47
"24011",-75.831662,38.871531,"24","011",2020,30,1,"AEP",46
"24015",-75.941585,39.562354,"24","015",2020,30,1,"AEP",45
"24017",-77.015427,38.472853,"24","017",2020,30,1,"AEP",45
"24019",-76.047433,38.429196,"24","019",2020,30,1,"AEP",48
"24025",-76.299789,39.537429,"24","025",2020,30,1,"AEP",46
"24027",-76.924406,39.252264,"24","027",2020,30,1,"AEP",45
"24029",-76.125987,39.241279,"24","029",2020,30,1,"AEP",47
"24031",-77.203063,39.137381,"24","031",2020,30,1,"AEP",45
"24033",-76.848188,38.829278,"24","033",2020,30,1,"AEP",46
"24035",-76.082405,39.040693,"24","035",2020,30,1,"AEP",46
"24037",-76.534487,38.223077,"24","037",2020,30,1,"AEP",47
"24039",-75.853323,38.07445,"24","039",2020,30,1,"AEP",48
"24041",-76.178476,38.748349,"24","041",2020,30,1,"AEP",46
"24045",-75.632083,38.36737,"24","045",2020,30,1,"AEP",50
"24047",-75.309931,38.222133,"24","047",2020,30,1,"AEP",51
"24510",-76.610476,39.300032,"24","510",2020,30,1,"AEP",46
"25001",-70.164823,41.706123,"25","001",2020,30,1,"AEP",44
"25005",-71.088894,41.748588,"25","005",2020,30,1,"AEP",45
"25007",-70.701499,41.38097,"25","007",2020,30,1,"AEP",47
"25019",-70.102164,41.293392,"25","019",2020,30,1,"AEP",45
"25021",-71.18111,42.171738,"25","021",2020,30,1,"AEP",44
"25023",-70.741942,41.987196,"25","023",2020,30,1,"AEP",44
"25025",-71.018253,42.338551,"25","025",2020,30,1,"AEP",45
"28001",-91.351797,31.486224,"28","001",2020,30,1,"AEP",48
"28005",-90.795542,31.203933,"28","005",2020,30,1,"AEP",51
"28007",-89.588622,33.090468,"28","007",2020,30,1,"AEP",43
"28013",-89.337114,33.936634,"28","013",2020,30,1,"AEP",43
"28015",-89.918887,33.440795,"28","015",2020,30,1,"AEP",43
"28017",-88.947558,33.933277,"28","017",2020,30,1,"AEP",43
"28019",-89.251332,33.345964,"28","019",2020,30,1,"AEP",43
"28021",-90.915424,31.97281,"28","021",2020,30,1,"AEP",44
"28023",-88.687976,32.045374,"28","023",2020,30,1,"AEP",48
"28025",-88.782468,33.65967,"28","025",2020,30,1,"AEP",43
"28029",-90.448758,31.866915,"28","029",2020,30,1,"AEP",46
"28031",-89.548897,31.633331,"28","031",2020,30,1,"AEP",45
"28035",-89.259447,31.18858,"28","035",2020,30,1,"AEP",53
"28037",-90.895457,31.477773,"28","037",2020,30,1,"AEP",47
"28039",-88.642268,30.855431,"28","039",2020,30,1,"AEP",57
"28041",-88.634811,31.212845,"28","041",2020,30,1,"AEP",56
"28043",-89.80274,33.770031,"28","043",2020,30,1,"AEP",43
"28045",-89.482791,30.391641,"28","045",2020,30,1,"AEP",60
"28047",-89.083376,30.416536,"28","047",2020,30,1,"AEP",67
"28049",-90.466017,32.267788,"28","049",2020,30,1,"AEP",44
"28051",-90.091197,33.125942,"28","051",2020,30,1,"AEP",43
"28053",-90.523421,33.130996,"28","053",2020,30,1,"AEP",42
"28055",-91.003535,32.755539,"28","055",2020,30,1,"AEP",43
"28057",-88.363127,34.281075,"28","057",2020,30,1,"AEP",43
"28059",-88.625101,30.456005,"28","059",2020,30,1,"AEP",60
"28061",-89.119176,32.016748,"28","061",2020,30,1,"AEP",46
"28063",-91.043878,31.733633,"28","063",2020,30,1,"AEP",45
"28065",-89.827086,31.564808,"28","065",2020,30,1,"AEP",50
"28067",-89.168532,31.616601,"28","067",2020,30,1,"AEP",50
"28069",-88.625631,32.750136,"28","069",2020,30,1,"AEP",45
"28073",-89.506369,31.197586,"28","073",2020,30,1,"AEP",49
"28075",-88.660449,32.403998,"28","075",2020,30,1,"AEP",44
"28077",-90.10753,31.550009,"28","077",2020,30,1,"AEP",46
"28079",-89.52225,32.76063,"28","079",2020,30,1,"AEP",47
"28081",-88.682439,34.29237,"28","081",2020,30,1,"AEP",43
"28083",-90.294934,33.54979,"28","083",2020,30,1,"AEP",43
"28085",-90.453566,31.535216,"28","085",2020,30,1,"AEP",48
"28087",-88.439723,33.471424,"28","087",2020,30,1,"AEP",43
"28089",-90.03416,32.63437,"28","089",2020,30,1,"AEP",44
"28091",-89.821712,31.230167,"28","091",2020,30,1,"AEP",47
"28095",-88.485038,33.89003,"28","095",2020,30,1,"AEP",43
"28097",-89.639625,33.500714,"28","097",2020,30,1,"AEP",43
"28099",-89.119274,32.752518,"28","099",2020,30,1,"AEP",44
"28101",-89.118412,32.40197,"28","101",2020,30,1,"AEP",45
"28103",-88.566152,33.106606,"28","103",2020,30,1,"AEP",43
"28105",-88.876151,33.422313,"28","105",2020,30,1,"AEP",43
"28107",-89.963065,34.365205,"28","107",2020,30,1,"AEP",43
"28109",-89.586904,30.774793,"28","109",2020,30,1,"AEP",56
"28111",-88.988755,31.169307,"28","111",2020,30,1,"AEP",49
"28113",-90.397725,31.177516,"28","113",2020,30,1,"AEP",49
"28115",-89.037239,34.227081,"28","115",2020,30,1,"AEP",43
"28117",-88.522184,34.620566,"28","117",2020,30,1,"AEP",43
"28121",-89.946063,32.267123,"28","121",2020,30,1,"AEP",45
"28123",-89.533486,32.411959,"28","123",2020,30,1,"AEP",44
"28125",-90.827613,32.892395,"28","125",2020,30,1,"AEP",43
"28127",-89.917709,31.902505,"28","127",2020,30,1,"AEP",46
"28129",-89.494876,32.019029,"28","129",2020,30,1,"AEP",45
"28131",-89.112297,30.790184,"28","131",2020,30,1,"AEP",55
"28133",-90.59509,33.605529,"28","133",2020,30,1,"AEP",43
"28135",-90.172243,33.954529,"28","135",2020,30,1,"AEP",43
"28145",-89.002339,34.489533,"28","145",2020,30,1,"AEP",43
"28147",-90.103431,31.164492,"28","147",2020,30,1,"AEP",48
"28149",-90.852384,32.356095,"28","149",2020,30,1,"AEP",44
"28151",-90.944446,33.273174,"28","151",2020,30,1,"AEP",42
"28153",-88.678214,31.642503,"28","153",2020,30,1,"AEP",51
"28155",-89.283961,33.612061,"28","155",2020,30,1,"AEP",43
"28157",-91.324617,31.161091,"28","157",2020,30,1,"AEP",51
"28159",-89.037391,33.078724,"28","159",2020,30,1,"AEP",44
"28161",-89.703807,34.030666,"28","161",2020,30,1,"AEP",43
"28163",-90.387928,32.765675,"28","163",2020,30,1,"AEP",42
"34001",-74.633759,39.469355,"34","001",2020,30,1,"AEP",48
"34005",-74.663006,39.875786,"34","005",2020,30,1,"AEP",45
"34007",-74.961249,39.802407,"34","007",2020,30,1,"AEP",46
"34009",-74.846354,39.085841,"34","009",2020,30,1,"AEP",45
"34011",-75.121628,39.328434,"34","011",2020,30,1,"AEP",46
"34015",-75.145679,39.722875,"34","015",2020,30,1,"AEP",45
"34017",-74.078601,40.731375,"34","017",2020,30,1,"AEP",45
"34019",-74.911969,40.565283,"34","019",2020,30,1,"AEP",45
"34021",-74.703724,40.282503,"34","021",2020,30,1,"AEP",45
"34023",-74.40743,40.439621,"34","023",2020,30,1,"AEP",45
"34025",-74.152446,40.287048,"34","025",2020,30,1,"AEP",45
"34029",-74.258864,39.865669,"34","029",2020,30,1,"AEP",45
"34033",-75.357356,39.573828,"34","033",2020,30,1,"AEP",46
"36005",-73.852939,40.848711,"36","005",2020,30,1,"AEP",45
"36047",-73.95064,40.635045,"36","047",2020,30,1,"AEP",45
"36059",-73.589414,40.729612,"36","059",2020,30,1,"AEP",45
"36061",-73.970187,40.776642,"36","061",2020,30,1,"AEP",45
"36081",-73.841209,40.654658,"36","081",2020,30,1,"AEP",45
"36085",-74.1399,40.561263,"36","085",2020,30,1,"AEP",45
"36103",-72.692218,40.943554,"36","103",2020,30,1,"AEP",47
"37001",-79.400573,36.043954,"37","001",2020,30,1,"AEP",45
"37003",-81.177467,35.920951,"37","003",2020,30,1,"AEP",43
"37005",-81.132299,36.489356,"37","005",2020,30,1,"AEP",43
"37007",-80.109763,34.974972,"37","007",2020,30,1,"AEP",45
"37009",-81.499334,36.443469,"37","009",2020,30,1,"AEP",43
"37011",-81.920285,36.07209,"37","011",2020,30,1,"AEP",43
"37013",-76.842014,35.482313,"37","013",2020,30,1,"AEP",49
"37015",-76.962364,36.059043,"37","015",2020,30,1,"AEP",48
"37017",-78.539489,34.591938,"37","017",2020,30,1,"AEP",48
"37019",-78.227765,34.038754,"37","019",2020,30,1,"AEP",55
"37021",-82.530423,35.609371,"37","021",2020,30,1,"AEP",43
"37023",-81.70618,35.746182,"37","023",2020,30,1,"AEP",43
"37025",-80.552728,35.388346,"37","025",2020,30,1,"AEP",44
"37027",-81.51254,35.966396,"37","027",2020,30,1,"AEP",43
"37029",-76.162488,36.342344,"37","029",2020,30,1,"AEP",50
"37031",-76.53586,34.858343,"37","031",2020,30,1,"AEP",55
"37033",-79.339609,36.394298,"37","033",2020,30,1,"AEP",44
"37035",-81.214906,35.661883,"37","035",2020,30,1,"AEP",43
"37037",-79.251454,35.704994,"37","037",2020,30,1,"AEP",44
"37041",-76.602752,36.128979,"37","041",2020,30,1,"AEP",47
"37043",-83.752264,35.052997,"37","043",2020,30,1,"AEP",43
"37045",-81.557114,35.33463,"37","045",2020,30,1,"AEP",43
"37047",-78.639308,34.261602,"37","047",2020,30,1,"AEP",50
"37049",-77.08132,35.116829,"37","049",2020,30,1,"AEP",49
"37051",-78.828719,35.050192,"37","051",2020,30,1,"AEP",46
"37053",-75.941224,36.372174,"37","053",2020,30,1,"AEP",50
"37055",-75.767536,35.606269,"37","055",2020,30,1,"AEP",55
"37057",-80.207107,35.795131,"37","057",2020,30,1,"AEP",44
"37059",-80.542552,35.929355,"37","059",2020,30,1,"AEP",44
"37061",-77.933543,34.934403,"37","061",2020,30,1,"AEP",48
"37063",-78.878125,36.033828,"37","063",2020,30,1,"AEP",45
"37065",-77.602742,35.917077,"37","065",2020,30,1,"AEP",45
"37067",-80.256961,36.132466,"37","067",2020,30,1,"AEP",44
"37069",-78.28309,36.088241,"37","069",2020,30,1,"AEP",45
"37071",-81.177256,35.293344,"37","071",2020,30,1,"AEP",43
"37073",-76.702355,36.442135,"37","073",2020,30,1,"AEP",49
"37077",-78.657634,36.299884,"37","077",2020,30,1,"AEP",44
"37079",-77.681688,35.481959,"37","079",2020,30,1,"AEP",47
"37081",-79.788665,36.079065,"37","081",2020,30,1,"AEP",44
"37083",-77.644842,36.251438,"37","083",2020,30,1,"AEP",45
"37085",-78.87161,35.368635,"37","085",2020,30,1,"AEP",45
"37087",-82.981307,35.558882,"37","087",2020,30,1,"AEP",43
"37089",-82.479741,35.336415,"37","089",2020,30,1,"AEP",43
"37091",-76.981616,36.363517,"37","091",2020,30,1,"AEP",47
"37093",-79.241964,35.017233,"37","093",2020,30,1,"AEP",46
"37095",-76.153687,35.408157,"37","095",2020,30,1,"AEP",52
"37097",-80.874524,35.806251,"37","097",2020,30,1,"AEP",43
"37099",-83.123966,35.285454,"37","099",2020,30,1,"AEP",43
"37101",-78.367348,35.513419,"37","101",2020,30,1,"AEP",47
"37103",-77.356195,35.032268,"37","103",2020,30,1,"AEP",47
"37105",-79.172117,35.476336,"37","105",2020,30,1,"AEP",45
"37107",-77.635514,35.240066,"37","107",2020,30,1,"AEP",47
"37109",-81.226893,35.488491,"37","109",2020,30,1,"AEP",43
"37111",-82.048044,35.682271,"37","111",2020,30,1,"AEP",43
"37113",-83.421901,35.152959,"37","113",2020,30,1,"AEP",43
"37115",-82.712631,35.864206,"37","115",2020,30,1,"AEP",43
"37117",-77.119602,35.847301,"37","117",2020,30,1,"AEP",46
"37119",-80.833832,35.246862,"37","119",2020,30,1,"AEP",44
"37121",-82.163554,36.013102,"37","121",2020,30,1,"AEP",43
"37123",-79.910752,35.327548,"37","123",2020,30,1,"AEP",45
"37125",-79.492725,35.308272,"37","125",2020,30,1,"AEP",46
"37127",-77.987555,35.965945,"37","127",2020,30,1,"AEP",46
"37129",-77.864204,34.183445,"37","129",2020,30,1,"AEP",58
"37131",-77.398352,36.421774,"37","131",2020,30,1,"AEP",47
"37133",-77.499469,34.763109,"37","133",2020,30,1,"AEP",51
"37135",-79.120033,36.062525,"37","135",2020,30,1,"AEP",44
"37137",-76.665268,35.147575,"37","137",2020,30,1,"AEP",50
"37139",-76.260691,36.265199,"37","139",2020,30,1,"AEP",48
"37141",-77.888106,34.512556,"37","141",2020,30,1,"AEP",55
"37143",-76.403244,36.180897,"37","143",2020,30,1,"AEP",47
"37145",-78.96563,36.386356,"37","145",2020,30,1,"AEP",44
"37147",-77.372739,35.59249,"37","147",2020,30,1,"AEP",47
"37149",-82.167621,35.277901,"37","149",2020,30,1,"AEP",43
"37151",-79.806215,35.709915,"37","151",2020,30,1,"AEP",44
"37153",-79.755695,35.004636,"37","153",2020,30,1,"AEP",44
"37155",-79.100881,34.63921,"37","155",2020,30,1,"AEP",47
"37157",-79.782754,36.381806,"37","157",2020,30,1,"AEP",44
"37159",-80.521721,35.641355,"37","159",2020,30,1,"AEP",43
"37161",-81.919582,35.402747,"37","161",2020,30,1,"AEP",43
"37163",-78.371261,34.989298,"37","163",2020,30,1,"AEP",45
"37165",-79.477337,34.840023,"37","165",2020,30,1,"AEP",46
"37167",-80.254374,35.310449,"37","167",2020,30,1,"AEP",44
"37169",-80.269921,36.393797,"37","169",2020,30,1,"AEP",44
"37171",-80.686463,36.415416,"37","171",2020,30,1,"AEP",43
"37175",-82.816666,35.210103,"37","175",2020,30,1,"AEP",43
"37177",-76.165345,35.87042,"37","177",2020,30,1,"AEP",53
"37179",-80.530426,34.99182,"37","179",2020,30,1,"AEP",44
"37181",-78.405434,36.365481,"37","181",2020,30,1,"AEP",45
"37183",-78.650624,35.789846,"37","183",2020,30,1,"AEP",46
"37185",-78.099899,36.398105,"37","185",2020,30,1,"AEP",46
"37187",-76.572291,35.844713,"37","187",2020,30,1,"AEP",48
"37189",-81.709888,36.235368,"37","189",2020,30,1,"AEP",43
"37191",-78.00867,35.35419,"37","191",2020,30,1,"AEP",48
"37193",-81.166095,36.208883,"37","193",2020,30,1,"AEP",43
"37195",-77.921598,35.700357,"37","195",2020,30,1,"AEP",46
"37197",-80.665164,36.158765,"37","197",2020,30,1,"AEP",43
"37199",-82.303954,35.889326,"37","199",2020,30,1,"AEP",43
"42017",-75.10706,40.336887,"42","017",2020,30,1,"AEP",45
"42029",-75.749751,39.974029,"42","029",2020,30,1,"AEP",45
"42045",-75.398818,39.916685,"42","045",2020,30,1,"AEP",45
"42091",-75.370201,40.209999,"42","091",2020,30,1,"AEP",45
"42101",-75.133346,40.009376,"42","101",2020,30,1,"AEP",46
"44001",-71.286687,41.70684,"44","001",2020,30,1,"AEP",46
"44003",-71.580282,41.675118,"44","003",2020,30,1,"AEP",45
"44005",-71.283063,41.501045,"44","005",2020,30,1,"AEP",46
"44007",-71.578625,41.869768,"44","007",2020,30,1,"AEP",44
"44009",-71.620282,41.396792,"44","009",2020,30,1,"AEP",46
"45001",-82.454058,34.229041,"45","001",2020,30,1,"AEP",43
"45003",-81.632983,33.550013,"45","003",2020,30,1,"AEP",46
"45005",-81.363265,32.979757,"45","005",2020,30,1,"AEP",48
"45007",-82.638603,34.521235,"45","007",2020,30,1,"AEP",43
"45009",-81.053161,33.203021,"45","009",2020,30,1,"AEP",48
"45011",-81.434228,33.260552,"45","011",2020,30,1,"AEP",46
"45013",-80.689422,32.358112,"45","013",2020,30,1,"AEP",57
"45015",-79.953655,33.2077,"45","015",2020,30,1,"AEP",53
"45017",-80.780347,33.67478,"45","017",2020,30,1,"AEP",44
"45019",-79.94248,32.800458,"45","019",2020,30,1,"AEP",54
"45021",-81.607647,35.049796,"45","021",2020,30,1,"AEP",43
"45023",-81.161249,34.689342,"45","023",2020,30,1,"AEP",43
"45025",-80.159227,34.637018,"45","025",2020,30,1,"AEP",45
"45027",-80.217889,33.664682,"45","027",2020,30,1,"AEP",46
"45029",-80.655244,32.835018,"45","029",2020,30,1,"AEP",49
"45031",-79.962115,34.332185,"45","031",2020,30,1,"AEP",45
"45033",-79.374964,34.390172,"45","033",2020,30,1,"AEP",47
"45035",-80.404697,33.082186,"45","035",2020,30,1,"AEP",48
"45037",-81.968245,33.776498,"45","037",2020,30,1,"AEP",44
"45039",-81.127001,34.395669,"45","039",2020,30,1,"AEP",43
"45041",-79.710233,34.028535,"45","041",2020,30,1,"AEP",48
"45043",-79.296333,33.417531,"45","043",2020,30,1,"AEP",51
"45045",-82.372077,34.892645,"45","045",2020,30,1,"AEP",43
"45047",-82.127876,34.155796,"45","047",2020,30,1,"AEP",43
"45049",-81.143822,32.778334,"45","049",2020,30,1,"AEP",49
"45051",-78.976675,33.909269,"45","051",2020,30,1,"AEP",50
"45053",-81.021627,32.43059,"45","053",2020,30,1,"AEP",53
"45055",-80.590885,34.338356,"45","055",2020,30,1,"AEP",45
"45057",-80.703688,34.686818,"45","057",2020,30,1,"AEP",44
"45059",-82.005498,34.483676,"45","059",2020,30,1,"AEP",43
"45061",-80.251209,34.15864,"45","061",2020,30,1,"AEP",46
"45063",-81.266118,33.899246,"45","063",2020,30,1,"AEP",45
"45065",-82.316196,33.897599,"45","065",2020,30,1,"AEP",43
"45067",-79.354001,34.08362,"45","067",2020,30,1,"AEP",49
"45069",-79.679435,34.60167,"45","069",2020,30,1,"AEP",45
"45071",-81.599676,34.289881,"45","071",2020,30,1,"AEP",44
"45073",-83.06154,34.748766,"45","073",2020,30,1,"AEP",43
"45075",-80.802913,33.436135,"45","075",2020,30,1,"AEP",46
"45077",-82.723377,34.885368,"45","077",2020,30,1,"AEP",43
"45079",-80.898037,34.029095,"45","079",2020,30,1,"AEP",45
"45081",-81.727903,34.005278,"45","081",2020,30,1,"AEP",44
"45083",-81.991624,34.932014,"45","083",2020,30,1,"AEP",43
"45085",-80.382376,33.91614,"45","085",2020,30,1,"AEP",46
"45087",-81.615896,34.690397,"45","087",2020,30,1,"AEP",43
"45089",-79.716474,33.626462,"45","089",2020,30,1,"AEP",48
"45091",-81.183187,34.970188,"45","091",2020,30,1,"AEP",43
"48001",-95.661727,31.841261,"48","001",2020,30,1,"AEP",43
"48005",-94.611134,31.251896,"48","005",2020,30,1,"AEP",49
"48007",-96.967501,28.122621,"48","007",2020,30,1,"AEP",54
"48013",-98.535381,28.891478,"48","013",2020,30,1,"AEP",43
"48015",-96.27017,29.891901,"48","015",2020,30,1,"AEP",47
"48019",-99.248285,29.756389,"48","019",2020,30,1,"AEP",42
"48021",-97.310639,30.100772,"48","021",2020,30,1,"AEP",44
"48025",-97.742586,28.416077,"48","025",2020,30,1,"AEP",52
"48027",-97.481268,31.04275,"48","027",2020,30,1,"AEP",43
"48029",-98.520147,29.448671,"48","029",2020,30,1,"AEP",45
"48031",-98.399217,30.266456,"48","031",2020,30,1,"AEP",42
"48035",-97.637641,31.900819,"48","035",2020,30,1,"AEP",43
"48037",-94.422393,33.446065,"48","037",2020,30,1,"AEP",43
"48039",-95.434647,29.167817,"48","039",2020,30,1,"AEP",56
"48041",-96.302394,30.656713,"48","041",2020,30,1,"AEP",44
"48047",-98.215276,27.034994,"48","047",2020,30,1,"AEP",50
"48051",-96.622091,30.493487,"48","051",2020,30,1,"AEP",45
"48053",-98.201187,30.78963,"48","053",2020,30,1,"AEP",42
"48055",-97.628141,29.832399,"48","055",2020,30,1,"AEP",46
"48057",-96.579574,28.441719,"48","057",2020,30,1,"AEP",62
"48061",-97.478958,26.102923,"48","061",2020,30,1,"AEP",57
"48063",-94.979085,32.974581,"48","063",2020,30,1,"AEP",42
"48067",-94.357579,33.083698,"48","067",2020,30,1,"AEP",43
"48071",-94.669445,29.696374,"48","071",2020,30,1,"AEP",63
"48073",-95.156343,31.843881,"48","073",2020,30,1,"AEP",46
"48089",-96.508935,29.596296,"48","089",2020,30,1,"AEP",51
"48091",-98.258129,29.812377,"48","091",2020,30,1,"AEP",45
"48093",-98.549617,31.951645,"48","093",2020,30,1,"AEP",43
"48099",-97.798022,31.391177,"48","099",2020,30,1,"AEP",42
"48113",-96.778424,32.766987,"48","113",2020,30,1,"AEP",43
"48123",-97.361654,29.082346,"48","123",2020,30,1,"AEP",50
"48127",-99.765871,28.423587,"48","127",2020,30,1,"AEP",42
"48131",-98.497393,27.681123,"48","131",2020,30,1,"AEP",48
"48137",-100.3074,29.985933,"48","137",2020,30,1,"AEP",42
"48139",-96.79694,32.346878,"48","139",2020,30,1,"AEP",43
"48145",-96.934127,31.25193,"48","145",2020,30,1,"AEP",42
"48149",-96.921231,29.877886,"48","149",2020,30,1,"AEP",44
"48157",-95.771015,29.526602,"48","157",2020,30,1,"AEP",55
"48159",-95.219066,33.175846,"48","159",2020,30,1,"AEP",43
"48161",-96.144957,31.701749,"48","161",2020,30,1,"AEP",44
"48163",-99.109005,28.869383,"48","163",2020,30,1,"AEP",44
"48167",-94.888456,29.233453,"48","167",2020,30,1,"AEP",67
"48171",-98.94185,30.325093,"48","171",2020,30,1,"AEP",42
"48175",-97.430415,28.6607,"48","175",2020,30,1,"AEP",50
"48177",-97.49192,29.461912,"48","177",2020,30,1,"AEP",48
"48183",-94.816277,32.486401,"48","183",2020,30,1,"AEP",42
"48185",-95.988082,30.543231,"48","185",2020,30,1,"AEP",46
"48187",-97.948995,29.582671,"48","187",2020,30,1,"AEP",45
"48193",-98.111756,31.707342,"48","193",2020,30,1,"AEP",43
"48199",-94.393178,30.329648,"48","199",2020,30,1,"AEP",55
"48201",-95.393037,29.857273,"48","201",2020,30,1,"AEP",51
"48203",-94.374434,32.547991,"48","203",2020,30,1,"AEP",43
"48209",-98.029267,30.061225,"48","209",2020,30,1,"AEP",44
"48213",-95.853418,32.211633,"48","213",2020,30,1,"AEP",43
"48215",-98.18099,26.396384,"48","215",2020,30,1,"AEP",52
"48217",-97.130668,31.982681,"48","217",2020,30,1,"AEP",43
"48221",-97.831677,32.430149,"48","221",2020,30,1,"AEP",43
"48225",-95.4216,31.323036,"48","225",2020,30,1,"AEP",47
"48239",-96.58908,28.959802,"48","239",2020,30,1,"AEP",51
"48241",-94.022294,30.752932,"48","241",2020,30,1,"AEP",52
"48245",-94.149331,29.854,"48","245",2020,30,1,"AEP",65
"48247",-98.747572,27.053231,"48","247",2020,30,1,"AEP",46
"48249",-98.090814,27.733516,"48","249",2020,30,1,"AEP",49
"48251",-97.364959,32.379821,"48","251",2020,30,1,"AEP",43
"48255",-97.852205,28.908996,"48","255",2020,30,1,"AEP",47
"48257",-96.288377,32.598944,"48","257",2020,30,1,"AEP",43
"48259",-98.709269,29.943525,"48","259",2020,30,1,"AEP",44
"48261",-97.591143,26.890213,"48","261",2020,30,1,"AEP",56
"48265",-99.353339,30.059953,"48","265",2020,30,1,"AEP",42
"48271",-100.4177,29.347086,"48","271",2020,30,1,"AEP",42
"48273",-97.66062,27.438735,"48","273",2020,30,1,"AEP",57
"48281",-98.240889,31.196731,"48","281",2020,30,1,"AEP",42
"48283",-99.096774,28.351098,"48","283",2020,30,1,"AEP",43
"48285",-96.923633,29.382578,"48","285",2020,30,1,"AEP",46
"48287",-96.976823,30.321498,"48","287",2020,30,1,"AEP",45
"48289",-95.995622,31.300493,"48","289",2020,30,1,"AEP",46
"48291",-94.844061,30.158508,"48","291",2020,30,1,"AEP",57
"48293",-96.593623,31.547543,"48","293",2020,30,1,"AEP",44
"48297",-98.126961,28.351535,"48","297",2020,30,1,"AEP",48
"48299",-98.68469,30.707584,"48","299",2020,30,1,"AEP",43
"48307",-99.359856,31.205477,"48","307",2020,30,1,"AEP",43
"48309",-97.201511,31.549596,"48","309",2020,30,1,"AEP",42
"48311",-98.578853,28.384922,"48","311",2020,30,1,"AEP",45
"48313",-95.930372,30.966878,"48","313",2020,30,1,"AEP",47
"48315",-94.356853,32.798182,"48","315",2020,30,1,"AEP",42
"48319",-99.237302,30.703916,"48","319",2020,30,1,"AEP",43
"48321",-96.001532,28.77476,"48","321",2020,30,1,"AEP",55
"48323",-100.316678,28.729787,"48","323",2020,30,1,"AEP",42
"48325",-99.111085,29.353661,"48","325",2020,30,1,"AEP",43
"48327",-99.858861,30.885268,"48","327",2020,30,1,"AEP",43
"48331",-96.984395,30.791242,"48","331",2020,30,1,"AEP",45
"48333",-98.594623,31.494888,"48","333",2020,30,1,"AEP",43
"48339",-95.50295,30.298801,"48","339",2020,30,1,"AEP",52
"48343",-94.731265,33.116466,"48","343",2020,30,1,"AEP",43
"48347",-94.62025,31.62056,"48","347",2020,30,1,"AEP",44
"48349",-96.476909,32.048448,"48","349",2020,30,1,"AEP",42
"48351",-93.73925,30.786718,"48","351",2020,30,1,"AEP",55
"48355",-97.516214,27.740032,"48","355",2020,30,1,"AEP",53
"48361",-93.8941,30.122323,"48","361",2020,30,1,"AEP",62
"48365",-94.305156,32.163978,"48","365",2020,30,1,"AEP",44
"48373",-94.837338,30.784553,"48","373",2020,30,1,"AEP",50
"48379",-95.795613,32.870457,"48","379",2020,30,1,"AEP",43
"48385",-99.812549,29.830097,"48","385",2020,30,1,"AEP",42
"48387",-95.048429,33.619625,"48","387",2020,30,1,"AEP",43
"48391",-97.162472,28.322116,"48","391",2020,30,1,"AEP",53
"48395",-96.514941,31.025481,"48","395",2020,30,1,"AEP",45
"48401",-94.756382,32.109423,"48","401",2020,30,1,"AEP",45
"48403",-93.851913,31.3433,"48","403",2020,30,1,"AEP",45
"48405",-94.16318,31.382449,"48","405",2020,30,1,"AEP",47
"48407",-95.163136,30.574388,"48","407",2020,30,1,"AEP",53
"48409",-97.517157,28.011794,"48","409",2020,30,1,"AEP",53
"48411",-98.819292,31.155138,"48","411",2020,30,1,"AEP",43
"48419",-94.142579,31.790139,"48","419",2020,30,1,"AEP",46
"48423",-95.268939,32.375105,"48","423",2020,30,1,"AEP",42
"48425",-97.769217,32.218071,"48","425",2020,30,1,"AEP",43
"48427",-98.740235,26.530903,"48","427",2020,30,1,"AEP",46
"48439",-97.291224,32.772119,"48","439",2020,30,1,"AEP",43
"48449",-94.966783,33.214599,"48","449",2020,30,1,"AEP",43
"48453",-97.69127,30.239513,"48","453",2020,30,1,"AEP",44
"48455",-95.151687,31.096675,"48","455",2020,30,1,"AEP",47
"48457",-94.375656,30.769295,"48","457",2020,30,1,"AEP",51
"48459",-94.941184,32.735349,"48","459",2020,30,1,"AEP",42
"48463",-99.768427,29.350308,"48","463",2020,30,1,"AEP",42
"48467",-95.836906,32.558787,"48","467",2020,30,1,"AEP",42
"48469",-96.971198,28.79637,"48","469",2020,30,1,"AEP",53
"48471",-95.569825,30.743163,"48","471",2020,30,1,"AEP",48
"48473",-95.982149,30.01359,"48","473",2020,30,1,"AEP",46
"48477",-96.410272,30.215075,"48","477",2020,30,1,"AEP",48
"48481",-96.229674,29.27848,"48","481",2020,30,1,"AEP",53
"48489",-97.594731,26.481861,"48","489",2020,30,1,"AEP",57
"48491",-97.605065,30.649082,"48","491",2020,30,1,"AEP",44
"48493",-98.086734,29.173883,"48","493",2020,30,1,"AEP",47
"48499",-95.382166,32.783588,"48","499",2020,30,1,"AEP",42
"48505",-99.182603,26.996981,"48","505",2020,30,1,"AEP",44
"48507",-99.75983,28.864652,"48","507",2020,30,1,"AEP",42
"51001",-75.757807,37.765944,"51","001",2020,30,1,"AEP",47
"51003",-78.553506,38.024184,"51","003",2020,30,1,"AEP",44
"51007",-77.977462,37.331927,"51","007",2020,30,1,"AEP",44
"51009",-79.154667,37.629304,"51","009",2020,30,1,"AEP",44
"51011",-78.81094,37.370725,"51","011",2020,30,1,"AEP",45
"51013",-77.100703,38.878337,"51","013",2020,30,1,"AEP",45
"51015",-79.140975,38.17259,"51","015",2020,30,1,"AEP",44
"51019",-79.527223,37.312257,"51","019",2020,30,1,"AEP",44
"51025",-77.861483,36.764204,"51","025",2020,30,1,"AEP",45
"51029",-78.529169,37.573928,"51","029",2020,30,1,"AEP",44
"51031",-79.095428,37.210152,"51","031",2020,30,1,"AEP",44
"51033",-77.353736,38.028033,"51","033",2020,30,1,"AEP",46
"51035",-80.727831,36.731963,"51","035",2020,30,1,"AEP",43
"51036",-77.05417,37.361054,"51","036",2020,30,1,"AEP",46
"51037",-78.658568,37.009042,"51","037",2020,30,1,"AEP",44
"51041",-77.585847,37.378434,"51","041",2020,30,1,"AEP",45
"51045",-80.231051,37.473603,"51","045",2020,30,1,"AEP",44
"51047",-77.956476,38.48593,"51","047",2020,30,1,"AEP",45
"51049",-78.252836,37.520189,"51","049",2020,30,1,"AEP",45
"51053",-77.635492,37.073498,"51","053",2020,30,1,"AEP",45
"51057",-76.933747,37.936389,"51","057",2020,30,1,"AEP",47
"51059",-77.273252,38.82952,"51","059",2020,30,1,"AEP",45
"51061",-77.8215,38.744096,"51","061",2020,30,1,"AEP",45
"51063",-80.350266,36.931433,"51","063",2020,30,1,"AEP",43
"51065",-78.283494,37.830584,"51","065",2020,30,1,"AEP",45
"51067",-79.882715,36.991186,"51","067",2020,30,1,"AEP",44
"51073",-76.523505,37.403541,"51","073",2020,30,1,"AEP",47
"51075",-77.917626,37.718814,"51","075",2020,30,1,"AEP",45
"51077",-81.215324,36.652229,"51","077",2020,30,1,"AEP",43
"51079",-78.470163,38.297981,"51","079",2020,30,1,"AEP",44
"51081",-77.560277,36.680336,"51","081",2020,30,1,"AEP",45
"51083",-78.939614,36.766461,"51","083",2020,30,1,"AEP",44
"51085",-77.491317,37.760215,"51","085",2020,30,1,"AEP",46
"51087",-77.300333,37.43752,"51","087",2020,30,1,"AEP",46
"51089",-79.980662,36.620612,"51","089",2020,30,1,"AEP",44
"51093",-76.707569,36.901418,"51","093",2020,30,1,"AEP",47
"51095",-76.777888,37.324837,"51","095",2020,30,1,"AEP",46
"51097",-76.905581,37.717772,"51","097",2020,30,1,"AEP",47
"51099",-77.162636,38.27718,"51","099",2020,30,1,"AEP",46
"51101",-77.091054,37.70826,"51","101",2020,30,1,"AEP",46
"51103",-76.412663,37.704843,"51","103",2020,30,1,"AEP",49
"51107",-77.638898,39.0812,"51","107",2020,30,1,"AEP",45
"51109",-77.959795,37.972704,"51","109",2020,30,1,"AEP",45
"51111",-78.240528,36.945555,"51","111",2020,30,1,"AEP",45
"51113",-78.276961,38.412059,"51","113",2020,30,1,"AEP",44
"51115",-76.268808,37.425348,"51","115",2020,30,1,"AEP",47
"51117",-78.368959,36.687256,"51","117",2020,30,1,"AEP",45
"51119",-76.528082,37.606975,"51","119",2020,30,1,"AEP",47
"51125",-78.88344,37.789079,"51","125",2020,30,1,"AEP",44
"51127",-76.999331,37.51016,"51","127",2020,30,1,"AEP",47
"51131",-75.924018,37.302775,"51","131",2020,30,1,"AEP",47
"51133",-76.379687,37.856974,"51","133",2020,30,1,"AEP",47
"51135",-78.053866,37.141167,"51","135",2020,30,1,"AEP",44
"51137",-78.011092,38.249326,"51","137",2020,30,1,"AEP",45
"51141",-80.286413,36.667138,"51","141",2020,30,1,"AEP",43
"51143",-79.398502,36.821721,"51","143",2020,30,1,"AEP",44
"51145",-77.912855,37.549404,"51","145",2020,30,1,"AEP",45
"51147",-78.432957,37.224881,"51","147",2020,30,1,"AEP",45
"51149",-77.220993,37.187325,"51","149",2020,30,1,"AEP",47
"51153",-77.479579,38.701119,"51","153",2020,30,1,"AEP",45
"51157",-78.168824,38.684522,"51","157",2020,30,1,"AEP",45
"51159",-76.730561,37.942894,"51","159",2020,30,1,"AEP",47
"51163",-79.447754,37.814517,"51","163",2020,30,1,"AEP",44
"51175",-77.103813,36.720068,"51","175",2020,30,1,"AEP",47
"51177",-77.657226,38.182431,"51","177",2020,30,1,"AEP",46
"51179",-77.458048,38.423084,"51","179",2020,30,1,"AEP",47
"51181",-76.880172,37.119761,"51","181",2020,30,1,"AEP",46
"51183",-77.259732,36.926645,"51","183",2020,30,1,"AEP",46
"51193",-76.803933,38.109311,"51","193",2020,30,1,"AEP",47
"51197",-81.083001,36.899867,"51","197",2020,30,1,"AEP",43
"51199",-76.395533,37.220914,"51","199",2020,30,1,"AEP",48
"51510",-77.08367,38.819251,"51","510",2020,30,1,"AEP",45
"51530",-79.358134,37.729345,"51","530",2020,30,1,"AEP",44
"51540",-78.485381,38.037658,"51","540",2020,30,1,"AEP",44
"51550",-76.301788,36.679376,"51","550",2020,30,1,"AEP",47
"51570",-77.396804,37.261685,"51","570",2020,30,1,"AEP",45
"51590",-79.408071,36.583334,"51","590",2020,30,1,"AEP",44
"51595",-77.535975,36.696182,"51","595",2020,30,1,"AEP",45
"51600",-77.299025,38.853183,"51","600",2020,30,1,"AEP",45
"51610",-77.175603,38.884722,"51","610",2020,30,1,"AEP",45
"51620",-76.941396,36.684014,"51","620",2020,30,1,"AEP",46
"51630",-77.486658,38.299272,"51","630",2020,30,1,"AEP",46
"51640",-80.914308,36.66564,"51","640",2020,30,1,"AEP",43
"51650",-76.297293,37.047961,"51","650",2020,30,1,"AEP",46
"51660",-78.873303,38.436255,"51","660",2020,30,1,"AEP",44
"51670",-77.298944,37.29101,"51","670",2020,30,1,"AEP",46
"51678",-79.44432,37.782332,"51","678",2020,30,1,"AEP",44
"51680",-79.195458,37.399016,"51","680",2020,30,1,"AEP",44
"51683",-77.482633,38.746808,"51","683",2020,30,1,"AEP",45
"51685",-77.442323,38.769398,"51","685",2020,30,1,"AEP",45
"51690",-79.863647,36.683527,"51","690",2020,30,1,"AEP",44
"51700",-76.52198,37.076136,"51","700",2020,30,1,"AEP",48
"51710",-76.244641,36.923015,"51","710",2020,30,1,"AEP",48
"51730",-77.392368,37.20473,"51","730",2020,30,1,"AEP",45
"51735",-76.303534,37.12836,"51","735",2020,30,1,"AEP",46
"51740",-76.356973,36.859339,"51","740",2020,30,1,"AEP",48
"51750",-80.559147,37.120119,"51","750",2020,30,1,"AEP",43
"51760",-77.476009,37.531399,"51","760",2020,30,1,"AEP",45
"51770",-79.958174,37.278458,"51","770",2020,30,1,"AEP",44
"51775",-80.055241,37.285333,"51","775",2020,30,1,"AEP",44
"51790",-79.061876,38.157978,"51","790",2020,30,1,"AEP",44
"51800",-76.634781,36.697157,"51","800",2020,30,1,"AEP",48
"51810",-76.029142,36.779525,"51","810",2020,30,1,"AEP",48
"51820",-78.90142,38.067157,"51","820",2020,30,1,"AEP",44
"51830",-76.708193,37.269481,"51","830",2020,30,1,"AEP",47
